-- phpMyAdmin SQL Dump
-- version 5.2.1
-- https://www.phpmyadmin.net/
--
-- Host: 127.0.0.1
-- Generation Time: Nov 25, 2025 at 10:15 AM
-- Server version: 10.4.32-MariaDB
-- PHP Version: 8.0.30

SET SQL_MODE = "NO_AUTO_VALUE_ON_ZERO";
START TRANSACTION;
SET time_zone = "+00:00";


/*!40101 SET @OLD_CHARACTER_SET_CLIENT=@@CHARACTER_SET_CLIENT */;
/*!40101 SET @OLD_CHARACTER_SET_RESULTS=@@CHARACTER_SET_RESULTS */;
/*!40101 SET @OLD_COLLATION_CONNECTION=@@COLLATION_CONNECTION */;
/*!40101 SET NAMES utf8mb4 */;

--
-- Database: `evaluation_systemdb`
--

-- --------------------------------------------------------

--
-- Table structure for table `classes`
--

CREATE TABLE `classes` (
  `ClassID` int(11) NOT NULL,
  `CourseID` int(11) NOT NULL,
  `YearLevel` varchar(10) DEFAULT NULL,
  `Section` varchar(10) DEFAULT NULL,
  `IsActive` tinyint(1) NOT NULL DEFAULT 1
) ENGINE=InnoDB DEFAULT CHARSET=utf8mb4 COLLATE=utf8mb4_general_ci;

--
-- Dumping data for table `classes`
--

INSERT INTO `classes` (`ClassID`, `CourseID`, `YearLevel`, `Section`, `IsActive`) VALUES
(1, 1, '1ST', 'A', 1),
(3, 1, '2ND', 'A', 1),
(4, 2, '1ST', 'A', 1),
(8, 5, '1ST', 'B', 1),
(48, 2, '2ND', 'A', 1),
(50, 5, '2ND', 'A', 1),
(58, 1, '3RD', 'A', 1),
(60, 1, '4TH', 'B', 1),
(66, 37, '1ST', 'A', 1),
(72, 5, '3RD', 'D', 1),
(73, 2, '1ST', 'B', 1),
(74, 2, '1ST', 'C', 1),
(75, 2, '1ST', 'D', 1),
(76, 2, '1ST', 'E', 1),
(77, 2, '1ST', 'F', 1),
(78, 2, '1ST', 'G', 1),
(79, 2, '1ST', 'H', 1),
(80, 2, '1ST', 'I', 1),
(81, 2, '1ST', 'J', 1),
(82, 2, '1ST', 'K', 1),
(83, 2, '1ST', 'L', 1),
(84, 2, '1ST', 'M', 1),
(85, 2, '1ST', 'N', 1),
(86, 2, '1ST', 'O', 1),
(87, 2, '1ST', 'P', 1),
(88, 2, '1ST', 'Q', 1),
(89, 2, '1ST', 'R', 1),
(90, 2, '1ST', 'S', 1),
(91, 5, '1ST', 'A', 1),
(92, 4, '1ST', 'A', 1),
(93, 4, '1ST', 'B', 1),
(94, 4, '1ST', 'C', 1),
(95, 4, '1ST', 'D', 1),
(96, 4, '1ST', 'E', 1),
(97, 4, '1ST', 'F', 1),
(98, 4, '1ST', 'G', 1),
(99, 1, '1ST', 'B', 1);

-- --------------------------------------------------------

--
-- Table structure for table `courses`
--

CREATE TABLE `courses` (
  `CourseID` int(11) NOT NULL,
  `CourseName` varchar(100) NOT NULL,
  `DepartmentID` int(11) NOT NULL,
  `YearLevels` int(11) NOT NULL DEFAULT 4,
  `IsActive` tinyint(1) NOT NULL DEFAULT 1
) ENGINE=InnoDB DEFAULT CHARSET=utf8mb4 COLLATE=utf8mb4_general_ci;

--
-- Dumping data for table `courses`
--

INSERT INTO `courses` (`CourseID`, `CourseName`, `DepartmentID`, `YearLevels`, `IsActive`) VALUES
(1, 'Bachelor of Science in Information Technology', 1, 4, 1),
(2, 'Bachelor of Science in Computer Science', 1, 4, 1),
(4, 'Bachelor of Science in Business Administration', 3, 4, 1),
(5, 'Bachelor of Elementary Education', 4, 4, 1),
(36, 'Bachelor of Education Major in English', 4, 4, 1),
(37, 'Associate in Computer Science', 1, 2, 1);

-- --------------------------------------------------------

--
-- Table structure for table `departments`
--

CREATE TABLE `departments` (
  `DepartmentID` int(11) NOT NULL,
  `DepartmentName` varchar(150) NOT NULL,
  `IsActive` tinyint(1) NOT NULL DEFAULT 1
) ENGINE=InnoDB DEFAULT CHARSET=utf8mb4 COLLATE=utf8mb4_general_ci;

--
-- Dumping data for table `departments`
--

INSERT INTO `departments` (`DepartmentID`, `DepartmentName`, `IsActive`) VALUES
(1, 'College of Information Technology Education', 1),
(3, 'College of Business Administration', 1),
(4, 'College of Education', 1),
(14, 'College of Criminology', 1);

-- --------------------------------------------------------

--
-- Table structure for table `evaluationcycles`
--

CREATE TABLE `evaluationcycles` (
  `CycleID` int(11) NOT NULL,
  `Term` varchar(50) NOT NULL,
  `Status` enum('Active','Inactive') DEFAULT 'Inactive',
  `StartDate` date DEFAULT NULL,
  `EndDate` date DEFAULT NULL,
  `CycleName` varchar(100) NOT NULL,
  `IsActive` tinyint(11) NOT NULL DEFAULT 1,
  `Notified` tinyint(4) NOT NULL DEFAULT 0
) ENGINE=InnoDB DEFAULT CHARSET=utf8mb4 COLLATE=utf8mb4_general_ci;

--
-- Dumping data for table `evaluationcycles`
--

INSERT INTO `evaluationcycles` (`CycleID`, `Term`, `Status`, `StartDate`, `EndDate`, `CycleName`, `IsActive`, `Notified`) VALUES
(18, '1st Semester', 'Inactive', '2025-10-22', '2025-11-06', 'S.Y. 2025-2026', 1, 1),
(25, '2nd Semester', 'Inactive', '2025-11-16', '2025-11-19', 'S.Y 2025-2026', 1, 1);

-- --------------------------------------------------------

--
-- Table structure for table `evaluationdomains`
--

CREATE TABLE `evaluationdomains` (
  `DomainID` int(11) NOT NULL,
  `DomainName` varchar(100) NOT NULL,
  `Weight` int(11) NOT NULL,
  `IsActive` bit(1) DEFAULT b'1'
) ENGINE=InnoDB DEFAULT CHARSET=utf8mb4 COLLATE=utf8mb4_general_ci;

--
-- Dumping data for table `evaluationdomains`
--

INSERT INTO `evaluationdomains` (`DomainID`, `DomainName`, `Weight`, `IsActive`) VALUES
(17, 'Classroom and Student Management', 25, b'1'),
(18, 'Instructional Competence', 25, b'1'),
(19, 'Professionalism and Ethics', 25, b'1'),
(20, 'Spiritual and Values Integration and Leadership', 25, b'1');

-- --------------------------------------------------------

--
-- Table structure for table `evaluationquestions`
--

CREATE TABLE `evaluationquestions` (
  `QuestionID` int(11) NOT NULL,
  `QuestionText` varchar(500) NOT NULL,
  `Scale` int(11) DEFAULT 5,
  `DomainID` int(11) DEFAULT NULL,
  `IsActive` bit(1) DEFAULT b'1'
) ENGINE=InnoDB DEFAULT CHARSET=utf8mb4 COLLATE=utf8mb4_general_ci;

--
-- Dumping data for table `evaluationquestions`
--

INSERT INTO `evaluationquestions` (`QuestionID`, `QuestionText`, `Scale`, `DomainID`, `IsActive`) VALUES
(36, 'Models biblical/ servant leadership.', 5, 20, b'1'),
(37, 'Demonstrate ethical decision-making in his/ her approach to teaching.', 5, 20, b'1'),
(38, 'Models and promote the Core Values of GWC - integrity, godliness, diligence, excellence, compassion, accessibility, Cristian virtue and transformation.', 5, 20, b'1'),
(39, 'Encourage moral and spiritual formation among students.', 5, 20, b'1'),
(40, 'Integrates Vision, Mission and Core Values of GWC in teaching where applicable.', 5, 20, b'1'),
(41, 'Comes to class with well-prepared lessons.', 5, 18, b'1'),
(42, 'Presents lessons clearly and understandably.', 5, 18, b'1'),
(43, 'Demonstrates mastery of the subject matter.', 5, 18, b'1'),
(44, 'Uses appropriate teaching strategies and instructional materials.', 5, 18, b'1'),
(45, 'Encourages critical thinking and active participation.', 5, 18, b'1'),
(46, 'Assesses student performance fairly and regularly.', 5, 18, b'1'),
(47, 'Utilizes multiple assessment strategies and tools.', 5, 18, b'1'),
(48, 'Provides prompt and meaningful feedback about performance and progress.', 5, 18, b'1'),
(49, 'Displays interest on the subject matter, encourages and supports your effort to learn and improve.', 5, 18, b'1'),
(50, 'Maintains discipline and a respectful classroom environment regardless of beliefs, value systems and lifestyles.', 5, 17, b'1'),
(51, 'Addresses student concerns appropriately.', 5, 17, b'1'),
(52, 'Starts and ends classes on time.', 5, 17, b'1'),
(53, 'Implements and promotes stewardship of properties and materials being used.', 5, 17, b'1'),
(54, 'Conducts himself/herself in the classroom professionally, creating a respectful environment.', 5, 17, b'1'),
(55, 'Demonstrates punctuality and regular attendance.', 5, 19, b'1'),
(56, 'Dresses appropriately and professionally.', 5, 19, b'1'),
(57, 'Observes confidentiality and integrity.', 5, 19, b'1'),
(58, 'Shows respect to colleagues, students, and administrators.', 5, 19, b'1'),
(59, 'Exemplifies teamwork and support to the institutional ways and processes to help deliver quality education to stakeholders', 5, 19, b'1'),
(60, 'Displays hard work, discipline, perseveres to deliver high-quality education to students.', 5, 19, b'1'),
(61, 'Actively seeks and responds to feedback to improve his/her teaching methods.', 5, 19, b'1');

-- --------------------------------------------------------

--
-- Table structure for table `evaluations`
--

CREATE TABLE `evaluations` (
  `EvalID` int(11) NOT NULL,
  `LoadID` int(11) DEFAULT NULL,
  `QuestionID` int(11) DEFAULT NULL,
  `Score` tinyint(4) NOT NULL CHECK (`Score` between 1 and 5),
  `SubmissionDate` timestamp NOT NULL DEFAULT current_timestamp(),
  `SubmissionID` int(11) NOT NULL,
  `CycleID` int(11) NOT NULL,
  `IsReleased` tinyint(4) DEFAULT NULL
) ENGINE=InnoDB DEFAULT CHARSET=utf8mb4 COLLATE=utf8mb4_general_ci;

--
-- Dumping data for table `evaluations`
--

INSERT INTO `evaluations` (`EvalID`, `LoadID`, `QuestionID`, `Score`, `SubmissionDate`, `SubmissionID`, `CycleID`, `IsReleased`) VALUES
(2926, 86, 50, 4, '2025-11-05 04:33:31', 145, 18, 2),
(2927, 86, 51, 5, '2025-11-05 04:33:31', 145, 18, 2),
(2928, 86, 52, 4, '2025-11-05 04:33:31', 145, 18, 2),
(2929, 86, 53, 4, '2025-11-05 04:33:31', 145, 18, 2),
(2930, 86, 54, 3, '2025-11-05 04:33:31', 145, 18, 2),
(2931, 86, 41, 5, '2025-11-05 04:33:31', 145, 18, 2),
(2932, 86, 42, 5, '2025-11-05 04:33:31', 145, 18, 2),
(2933, 86, 43, 4, '2025-11-05 04:33:31', 145, 18, 2),
(2934, 86, 44, 5, '2025-11-05 04:33:31', 145, 18, 2),
(2935, 86, 45, 4, '2025-11-05 04:33:31', 145, 18, 2),
(2936, 86, 46, 3, '2025-11-05 04:33:31', 145, 18, 2),
(2937, 86, 47, 4, '2025-11-05 04:33:31', 145, 18, 2),
(2938, 86, 48, 5, '2025-11-05 04:33:31', 145, 18, 2),
(2939, 86, 49, 5, '2025-11-05 04:33:31', 145, 18, 2),
(2940, 86, 55, 5, '2025-11-05 04:33:31', 145, 18, 2),
(2941, 86, 56, 4, '2025-11-05 04:33:31', 145, 18, 2),
(2942, 86, 57, 4, '2025-11-05 04:33:31', 145, 18, 2),
(2943, 86, 58, 4, '2025-11-05 04:33:31', 145, 18, 2),
(2944, 86, 59, 5, '2025-11-05 04:33:31', 145, 18, 2),
(2945, 86, 60, 5, '2025-11-05 04:33:31', 145, 18, 2),
(2946, 86, 61, 4, '2025-11-05 04:33:31', 145, 18, 2),
(2947, 86, 36, 4, '2025-11-05 04:33:31', 145, 18, 2),
(2948, 86, 37, 5, '2025-11-05 04:33:31', 145, 18, 2),
(2949, 86, 38, 4, '2025-11-05 04:33:31', 145, 18, 2),
(2950, 86, 39, 3, '2025-11-05 04:33:31', 145, 18, 2),
(2951, 86, 40, 5, '2025-11-05 04:33:31', 145, 18, 2),
(2952, 85, 50, 5, '2025-11-05 04:37:25', 146, 18, 2),
(2953, 85, 51, 4, '2025-11-05 04:37:26', 146, 18, 2),
(2954, 85, 52, 5, '2025-11-05 04:37:26', 146, 18, 2),
(2955, 85, 53, 5, '2025-11-05 04:37:26', 146, 18, 2),
(2956, 85, 54, 4, '2025-11-05 04:37:26', 146, 18, 2),
(2957, 85, 41, 5, '2025-11-05 04:37:26', 146, 18, 2),
(2958, 85, 42, 4, '2025-11-05 04:37:26', 146, 18, 2),
(2959, 85, 43, 5, '2025-11-05 04:37:26', 146, 18, 2),
(2960, 85, 44, 4, '2025-11-05 04:37:26', 146, 18, 2),
(2961, 85, 45, 4, '2025-11-05 04:37:26', 146, 18, 2),
(2962, 85, 46, 5, '2025-11-05 04:37:26', 146, 18, 2),
(2963, 85, 47, 4, '2025-11-05 04:37:26', 146, 18, 2),
(2964, 85, 48, 4, '2025-11-05 04:37:26', 146, 18, 2),
(2965, 85, 49, 4, '2025-11-05 04:37:26', 146, 18, 2),
(2966, 85, 55, 5, '2025-11-05 04:37:26', 146, 18, 2),
(2967, 85, 56, 4, '2025-11-05 04:37:26', 146, 18, 2),
(2968, 85, 57, 4, '2025-11-05 04:37:26', 146, 18, 2),
(2969, 85, 58, 4, '2025-11-05 04:37:26', 146, 18, 2),
(2970, 85, 59, 5, '2025-11-05 04:37:26', 146, 18, 2),
(2971, 85, 60, 5, '2025-11-05 04:37:26', 146, 18, 2),
(2972, 85, 61, 4, '2025-11-05 04:37:26', 146, 18, 2),
(2973, 85, 36, 4, '2025-11-05 04:37:26', 146, 18, 2),
(2974, 85, 37, 5, '2025-11-05 04:37:26', 146, 18, 2),
(2975, 85, 38, 4, '2025-11-05 04:37:26', 146, 18, 2),
(2976, 85, 39, 4, '2025-11-05 04:37:26', 146, 18, 2),
(2977, 85, 40, 5, '2025-11-05 04:37:26', 146, 18, 2),
(2978, 88, 50, 5, '2025-11-05 04:42:00', 147, 18, 2),
(2979, 88, 51, 4, '2025-11-05 04:42:00', 147, 18, 2),
(2980, 88, 52, 4, '2025-11-05 04:42:00', 147, 18, 2),
(2981, 88, 53, 5, '2025-11-05 04:42:00', 147, 18, 2),
(2982, 88, 54, 4, '2025-11-05 04:42:00', 147, 18, 2),
(2983, 88, 41, 5, '2025-11-05 04:42:00', 147, 18, 2),
(2984, 88, 42, 5, '2025-11-05 04:42:00', 147, 18, 2),
(2985, 88, 43, 4, '2025-11-05 04:42:00', 147, 18, 2),
(2986, 88, 44, 4, '2025-11-05 04:42:01', 147, 18, 2),
(2987, 88, 45, 4, '2025-11-05 04:42:01', 147, 18, 2),
(2988, 88, 46, 5, '2025-11-05 04:42:01', 147, 18, 2),
(2989, 88, 47, 4, '2025-11-05 04:42:01', 147, 18, 2),
(2990, 88, 48, 4, '2025-11-05 04:42:01', 147, 18, 2),
(2991, 88, 49, 5, '2025-11-05 04:42:01', 147, 18, 2),
(2992, 88, 55, 5, '2025-11-05 04:42:01', 147, 18, 2),
(2993, 88, 56, 4, '2025-11-05 04:42:01', 147, 18, 2),
(2994, 88, 57, 5, '2025-11-05 04:42:01', 147, 18, 2),
(2995, 88, 58, 5, '2025-11-05 04:42:01', 147, 18, 2),
(2996, 88, 59, 4, '2025-11-05 04:42:01', 147, 18, 2),
(2997, 88, 60, 4, '2025-11-05 04:42:01', 147, 18, 2),
(2998, 88, 61, 5, '2025-11-05 04:42:01', 147, 18, 2),
(2999, 88, 36, 3, '2025-11-05 04:42:01', 147, 18, 2),
(3000, 88, 37, 4, '2025-11-05 04:42:01', 147, 18, 2),
(3001, 88, 38, 4, '2025-11-05 04:42:01', 147, 18, 2),
(3002, 88, 39, 5, '2025-11-05 04:42:01', 147, 18, 2),
(3003, 88, 40, 5, '2025-11-05 04:42:01', 147, 18, 2),
(3004, 87, 50, 5, '2025-11-05 19:49:48', 148, 18, 2),
(3005, 87, 51, 4, '2025-11-05 19:49:48', 148, 18, 2),
(3006, 87, 52, 4, '2025-11-05 19:49:48', 148, 18, 2),
(3007, 87, 53, 4, '2025-11-05 19:49:48', 148, 18, 2),
(3008, 87, 54, 5, '2025-11-05 19:49:48', 148, 18, 2),
(3009, 87, 41, 4, '2025-11-05 19:49:48', 148, 18, 2),
(3010, 87, 42, 5, '2025-11-05 19:49:48', 148, 18, 2),
(3011, 87, 43, 4, '2025-11-05 19:49:48', 148, 18, 2),
(3012, 87, 44, 3, '2025-11-05 19:49:48', 148, 18, 2),
(3013, 87, 45, 5, '2025-11-05 19:49:48', 148, 18, 2),
(3014, 87, 46, 4, '2025-11-05 19:49:48', 148, 18, 2),
(3015, 87, 47, 5, '2025-11-05 19:49:48', 148, 18, 2),
(3016, 87, 48, 5, '2025-11-05 19:49:48', 148, 18, 2),
(3017, 87, 49, 3, '2025-11-05 19:49:48', 148, 18, 2),
(3018, 87, 55, 4, '2025-11-05 19:49:48', 148, 18, 2),
(3019, 87, 56, 4, '2025-11-05 19:49:48', 148, 18, 2),
(3020, 87, 57, 5, '2025-11-05 19:49:48', 148, 18, 2),
(3021, 87, 58, 5, '2025-11-05 19:49:48', 148, 18, 2),
(3022, 87, 59, 4, '2025-11-05 19:49:48', 148, 18, 2),
(3023, 87, 60, 5, '2025-11-05 19:49:48', 148, 18, 2),
(3024, 87, 61, 3, '2025-11-05 19:49:48', 148, 18, 2),
(3025, 87, 36, 5, '2025-11-05 19:49:48', 148, 18, 2),
(3026, 87, 37, 4, '2025-11-05 19:49:48', 148, 18, 2),
(3027, 87, 38, 3, '2025-11-05 19:49:48', 148, 18, 2),
(3028, 87, 39, 4, '2025-11-05 19:49:48', 148, 18, 2),
(3029, 87, 40, 5, '2025-11-05 19:49:48', 148, 18, 2),
(3030, 86, 50, 4, '2025-11-05 20:09:54', 149, 18, 2),
(3031, 86, 51, 4, '2025-11-05 20:09:54', 149, 18, 2),
(3032, 86, 52, 5, '2025-11-05 20:09:54', 149, 18, 2),
(3033, 86, 53, 3, '2025-11-05 20:09:54', 149, 18, 2),
(3034, 86, 54, 5, '2025-11-05 20:09:54', 149, 18, 2),
(3035, 86, 41, 4, '2025-11-05 20:09:54', 149, 18, 2),
(3036, 86, 42, 3, '2025-11-05 20:09:54', 149, 18, 2),
(3037, 86, 43, 3, '2025-11-05 20:09:54', 149, 18, 2),
(3038, 86, 44, 5, '2025-11-05 20:09:54', 149, 18, 2),
(3039, 86, 45, 3, '2025-11-05 20:09:54', 149, 18, 2),
(3040, 86, 46, 4, '2025-11-05 20:09:54', 149, 18, 2),
(3041, 86, 47, 4, '2025-11-05 20:09:54', 149, 18, 2),
(3042, 86, 48, 3, '2025-11-05 20:09:54', 149, 18, 2),
(3043, 86, 49, 5, '2025-11-05 20:09:54', 149, 18, 2),
(3044, 86, 55, 5, '2025-11-05 20:09:54', 149, 18, 2),
(3045, 86, 56, 4, '2025-11-05 20:09:54', 149, 18, 2),
(3046, 86, 57, 4, '2025-11-05 20:09:54', 149, 18, 2),
(3047, 86, 58, 4, '2025-11-05 20:09:54', 149, 18, 2),
(3048, 86, 59, 5, '2025-11-05 20:09:54', 149, 18, 2),
(3049, 86, 60, 3, '2025-11-05 20:09:54', 149, 18, 2),
(3050, 86, 61, 4, '2025-11-05 20:09:54', 149, 18, 2),
(3051, 86, 36, 4, '2025-11-05 20:09:54', 149, 18, 2),
(3052, 86, 37, 5, '2025-11-05 20:09:54', 149, 18, 2),
(3053, 86, 38, 3, '2025-11-05 20:09:54', 149, 18, 2),
(3054, 86, 39, 5, '2025-11-05 20:09:54', 149, 18, 2),
(3055, 86, 40, 4, '2025-11-05 20:09:54', 149, 18, 2),
(3056, 85, 50, 4, '2025-11-05 20:11:25', 150, 18, 2),
(3057, 85, 51, 5, '2025-11-05 20:11:25', 150, 18, 2),
(3058, 85, 52, 3, '2025-11-05 20:11:25', 150, 18, 2),
(3059, 85, 53, 4, '2025-11-05 20:11:25', 150, 18, 2),
(3060, 85, 54, 5, '2025-11-05 20:11:25', 150, 18, 2),
(3061, 85, 41, 5, '2025-11-05 20:11:25', 150, 18, 2),
(3062, 85, 42, 4, '2025-11-05 20:11:25', 150, 18, 2),
(3063, 85, 43, 3, '2025-11-05 20:11:25', 150, 18, 2),
(3064, 85, 44, 4, '2025-11-05 20:11:25', 150, 18, 2),
(3065, 85, 45, 5, '2025-11-05 20:11:25', 150, 18, 2),
(3066, 85, 46, 4, '2025-11-05 20:11:25', 150, 18, 2),
(3067, 85, 47, 4, '2025-11-05 20:11:25', 150, 18, 2),
(3068, 85, 48, 5, '2025-11-05 20:11:25', 150, 18, 2),
(3069, 85, 49, 5, '2025-11-05 20:11:25', 150, 18, 2),
(3070, 85, 55, 5, '2025-11-05 20:11:25', 150, 18, 2),
(3071, 85, 56, 4, '2025-11-05 20:11:25', 150, 18, 2),
(3072, 85, 57, 3, '2025-11-05 20:11:25', 150, 18, 2),
(3073, 85, 58, 4, '2025-11-05 20:11:25', 150, 18, 2),
(3074, 85, 59, 5, '2025-11-05 20:11:25', 150, 18, 2),
(3075, 85, 60, 5, '2025-11-05 20:11:25', 150, 18, 2),
(3076, 85, 61, 5, '2025-11-05 20:11:25', 150, 18, 2),
(3077, 85, 36, 3, '2025-11-05 20:11:25', 150, 18, 2),
(3078, 85, 37, 4, '2025-11-05 20:11:25', 150, 18, 2),
(3079, 85, 38, 5, '2025-11-05 20:11:25', 150, 18, 2),
(3080, 85, 39, 4, '2025-11-05 20:11:25', 150, 18, 2),
(3081, 85, 40, 3, '2025-11-05 20:11:25', 150, 18, 2),
(3082, 87, 50, 5, '2025-11-05 20:12:02', 151, 18, 2),
(3083, 87, 51, 4, '2025-11-05 20:12:02', 151, 18, 2),
(3084, 87, 52, 5, '2025-11-05 20:12:02', 151, 18, 2),
(3085, 87, 53, 4, '2025-11-05 20:12:02', 151, 18, 2),
(3086, 87, 54, 3, '2025-11-05 20:12:02', 151, 18, 2),
(3087, 87, 41, 4, '2025-11-05 20:12:02', 151, 18, 2),
(3088, 87, 42, 3, '2025-11-05 20:12:02', 151, 18, 2),
(3089, 87, 43, 4, '2025-11-05 20:12:02', 151, 18, 2),
(3090, 87, 44, 5, '2025-11-05 20:12:02', 151, 18, 2),
(3091, 87, 45, 4, '2025-11-05 20:12:02', 151, 18, 2),
(3092, 87, 46, 4, '2025-11-05 20:12:02', 151, 18, 2),
(3093, 87, 47, 5, '2025-11-05 20:12:02', 151, 18, 2),
(3094, 87, 48, 4, '2025-11-05 20:12:02', 151, 18, 2),
(3095, 87, 49, 3, '2025-11-05 20:12:02', 151, 18, 2),
(3096, 87, 55, 5, '2025-11-05 20:12:02', 151, 18, 2),
(3097, 87, 56, 4, '2025-11-05 20:12:02', 151, 18, 2),
(3098, 87, 57, 5, '2025-11-05 20:12:02', 151, 18, 2),
(3099, 87, 58, 4, '2025-11-05 20:12:02', 151, 18, 2),
(3100, 87, 59, 5, '2025-11-05 20:12:02', 151, 18, 2),
(3101, 87, 60, 5, '2025-11-05 20:12:02', 151, 18, 2),
(3102, 87, 61, 3, '2025-11-05 20:12:02', 151, 18, 2),
(3103, 87, 36, 5, '2025-11-05 20:12:02', 151, 18, 2),
(3104, 87, 37, 4, '2025-11-05 20:12:02', 151, 18, 2),
(3105, 87, 38, 4, '2025-11-05 20:12:02', 151, 18, 2),
(3106, 87, 39, 4, '2025-11-05 20:12:02', 151, 18, 2),
(3107, 87, 40, 5, '2025-11-05 20:12:02', 151, 18, 2),
(3108, 88, 50, 4, '2025-11-06 12:57:56', 152, 18, 2),
(3109, 88, 51, 5, '2025-11-06 12:57:56', 152, 18, 2),
(3110, 88, 52, 4, '2025-11-06 12:57:56', 152, 18, 2),
(3111, 88, 53, 3, '2025-11-06 12:57:56', 152, 18, 2),
(3112, 88, 54, 5, '2025-11-06 12:57:56', 152, 18, 2),
(3113, 88, 41, 5, '2025-11-06 12:57:56', 152, 18, 2),
(3114, 88, 42, 4, '2025-11-06 12:57:56', 152, 18, 2),
(3115, 88, 43, 5, '2025-11-06 12:57:56', 152, 18, 2),
(3116, 88, 44, 5, '2025-11-06 12:57:56', 152, 18, 2),
(3117, 88, 45, 3, '2025-11-06 12:57:56', 152, 18, 2),
(3118, 88, 46, 4, '2025-11-06 12:57:56', 152, 18, 2),
(3119, 88, 47, 5, '2025-11-06 12:57:56', 152, 18, 2),
(3120, 88, 48, 4, '2025-11-06 12:57:56', 152, 18, 2),
(3121, 88, 49, 5, '2025-11-06 12:57:56', 152, 18, 2),
(3122, 88, 55, 5, '2025-11-06 12:57:56', 152, 18, 2),
(3123, 88, 56, 4, '2025-11-06 12:57:56', 152, 18, 2),
(3124, 88, 57, 4, '2025-11-06 12:57:56', 152, 18, 2),
(3125, 88, 58, 5, '2025-11-06 12:57:56', 152, 18, 2),
(3126, 88, 59, 5, '2025-11-06 12:57:56', 152, 18, 2),
(3127, 88, 60, 5, '2025-11-06 12:57:56', 152, 18, 2),
(3128, 88, 61, 4, '2025-11-06 12:57:56', 152, 18, 2),
(3129, 88, 36, 4, '2025-11-06 12:57:56', 152, 18, 2),
(3130, 88, 37, 3, '2025-11-06 12:57:56', 152, 18, 2),
(3131, 88, 38, 3, '2025-11-06 12:57:56', 152, 18, 2),
(3132, 88, 39, 4, '2025-11-06 12:57:56', 152, 18, 2),
(3133, 88, 40, 5, '2025-11-06 12:57:56', 152, 18, 2),
(3134, 86, 50, 4, '2025-11-06 13:16:57', 153, 18, 2),
(3135, 86, 51, 5, '2025-11-06 13:16:57', 153, 18, 2),
(3136, 86, 52, 4, '2025-11-06 13:16:57', 153, 18, 2),
(3137, 86, 53, 3, '2025-11-06 13:16:57', 153, 18, 2),
(3138, 86, 54, 5, '2025-11-06 13:16:57', 153, 18, 2),
(3139, 86, 41, 5, '2025-11-06 13:16:57', 153, 18, 2),
(3140, 86, 42, 4, '2025-11-06 13:16:57', 153, 18, 2),
(3141, 86, 43, 5, '2025-11-06 13:16:57', 153, 18, 2),
(3142, 86, 44, 3, '2025-11-06 13:16:57', 153, 18, 2),
(3143, 86, 45, 4, '2025-11-06 13:16:57', 153, 18, 2),
(3144, 86, 46, 5, '2025-11-06 13:16:57', 153, 18, 2),
(3145, 86, 47, 4, '2025-11-06 13:16:57', 153, 18, 2),
(3146, 86, 48, 3, '2025-11-06 13:16:57', 153, 18, 2),
(3147, 86, 49, 4, '2025-11-06 13:16:57', 153, 18, 2),
(3148, 86, 55, 5, '2025-11-06 13:16:57', 153, 18, 2),
(3149, 86, 56, 4, '2025-11-06 13:16:57', 153, 18, 2),
(3150, 86, 57, 3, '2025-11-06 13:16:58', 153, 18, 2),
(3151, 86, 58, 4, '2025-11-06 13:16:58', 153, 18, 2),
(3152, 86, 59, 5, '2025-11-06 13:16:58', 153, 18, 2),
(3153, 86, 60, 4, '2025-11-06 13:16:58', 153, 18, 2),
(3154, 86, 61, 5, '2025-11-06 13:16:58', 153, 18, 2),
(3155, 86, 36, 5, '2025-11-06 13:16:58', 153, 18, 2),
(3156, 86, 37, 4, '2025-11-06 13:16:58', 153, 18, 2),
(3157, 86, 38, 3, '2025-11-06 13:16:58', 153, 18, 2),
(3158, 86, 39, 4, '2025-11-06 13:16:58', 153, 18, 2),
(3159, 86, 40, 5, '2025-11-06 13:16:58', 153, 18, 2),
(3160, 88, 50, 5, '2025-11-06 13:18:08', 154, 18, 2),
(3161, 88, 51, 5, '2025-11-06 13:18:08', 154, 18, 2),
(3162, 88, 52, 4, '2025-11-06 13:18:08', 154, 18, 2),
(3163, 88, 53, 3, '2025-11-06 13:18:08', 154, 18, 2),
(3164, 88, 54, 5, '2025-11-06 13:18:08', 154, 18, 2),
(3165, 88, 41, 5, '2025-11-06 13:18:08', 154, 18, 2),
(3166, 88, 42, 4, '2025-11-06 13:18:08', 154, 18, 2),
(3167, 88, 43, 3, '2025-11-06 13:18:08', 154, 18, 2),
(3168, 88, 44, 4, '2025-11-06 13:18:08', 154, 18, 2),
(3169, 88, 45, 5, '2025-11-06 13:18:08', 154, 18, 2),
(3170, 88, 46, 3, '2025-11-06 13:18:08', 154, 18, 2),
(3171, 88, 47, 3, '2025-11-06 13:18:08', 154, 18, 2),
(3172, 88, 48, 5, '2025-11-06 13:18:08', 154, 18, 2),
(3173, 88, 49, 3, '2025-11-06 13:18:08', 154, 18, 2),
(3174, 88, 55, 5, '2025-11-06 13:18:08', 154, 18, 2),
(3175, 88, 56, 4, '2025-11-06 13:18:08', 154, 18, 2),
(3176, 88, 57, 3, '2025-11-06 13:18:08', 154, 18, 2),
(3177, 88, 58, 4, '2025-11-06 13:18:08', 154, 18, 2),
(3178, 88, 59, 5, '2025-11-06 13:18:08', 154, 18, 2),
(3179, 88, 60, 4, '2025-11-06 13:18:08', 154, 18, 2),
(3180, 88, 61, 4, '2025-11-06 13:18:08', 154, 18, 2),
(3181, 88, 36, 5, '2025-11-06 13:18:08', 154, 18, 2),
(3182, 88, 37, 3, '2025-11-06 13:18:08', 154, 18, 2),
(3183, 88, 38, 3, '2025-11-06 13:18:08', 154, 18, 2),
(3184, 88, 39, 4, '2025-11-06 13:18:08', 154, 18, 2),
(3185, 88, 40, 5, '2025-11-06 13:18:08', 154, 18, 2),
(3186, 85, 50, 5, '2025-11-06 13:19:28', 155, 18, 2),
(3187, 85, 51, 4, '2025-11-06 13:19:28', 155, 18, 2),
(3188, 85, 52, 5, '2025-11-06 13:19:28', 155, 18, 2),
(3189, 85, 53, 5, '2025-11-06 13:19:28', 155, 18, 2),
(3190, 85, 54, 5, '2025-11-06 13:19:28', 155, 18, 2),
(3191, 85, 41, 5, '2025-11-06 13:19:28', 155, 18, 2),
(3192, 85, 42, 4, '2025-11-06 13:19:28', 155, 18, 2),
(3193, 85, 43, 4, '2025-11-06 13:19:28', 155, 18, 2),
(3194, 85, 44, 5, '2025-11-06 13:19:28', 155, 18, 2),
(3195, 85, 45, 5, '2025-11-06 13:19:28', 155, 18, 2),
(3196, 85, 46, 5, '2025-11-06 13:19:28', 155, 18, 2),
(3197, 85, 47, 4, '2025-11-06 13:19:28', 155, 18, 2),
(3198, 85, 48, 5, '2025-11-06 13:19:28', 155, 18, 2),
(3199, 85, 49, 5, '2025-11-06 13:19:28', 155, 18, 2),
(3200, 85, 55, 5, '2025-11-06 13:19:28', 155, 18, 2),
(3201, 85, 56, 4, '2025-11-06 13:19:28', 155, 18, 2),
(3202, 85, 57, 3, '2025-11-06 13:19:28', 155, 18, 2),
(3203, 85, 58, 4, '2025-11-06 13:19:28', 155, 18, 2),
(3204, 85, 59, 5, '2025-11-06 13:19:28', 155, 18, 2),
(3205, 85, 60, 5, '2025-11-06 13:19:28', 155, 18, 2),
(3206, 85, 61, 5, '2025-11-06 13:19:28', 155, 18, 2),
(3207, 85, 36, 5, '2025-11-06 13:19:28', 155, 18, 2),
(3208, 85, 37, 4, '2025-11-06 13:19:28', 155, 18, 2),
(3209, 85, 38, 4, '2025-11-06 13:19:28', 155, 18, 2),
(3210, 85, 39, 4, '2025-11-06 13:19:28', 155, 18, 2),
(3211, 85, 40, 5, '2025-11-06 13:19:28', 155, 18, 2),
(3212, 87, 50, 5, '2025-11-06 13:20:53', 156, 18, 2),
(3213, 87, 51, 2, '2025-11-06 13:20:54', 156, 18, 2),
(3214, 87, 52, 3, '2025-11-06 13:20:54', 156, 18, 2),
(3215, 87, 53, 3, '2025-11-06 13:20:54', 156, 18, 2),
(3216, 87, 54, 4, '2025-11-06 13:20:54', 156, 18, 2),
(3217, 87, 41, 4, '2025-11-06 13:20:54', 156, 18, 2),
(3218, 87, 42, 3, '2025-11-06 13:20:54', 156, 18, 2),
(3219, 87, 43, 2, '2025-11-06 13:20:54', 156, 18, 2),
(3220, 87, 44, 5, '2025-11-06 13:20:54', 156, 18, 2),
(3221, 87, 45, 5, '2025-11-06 13:20:54', 156, 18, 2),
(3222, 87, 46, 3, '2025-11-06 13:20:54', 156, 18, 2),
(3223, 87, 47, 5, '2025-11-06 13:20:54', 156, 18, 2),
(3224, 87, 48, 4, '2025-11-06 13:20:54', 156, 18, 2),
(3225, 87, 49, 3, '2025-11-06 13:20:54', 156, 18, 2),
(3226, 87, 55, 3, '2025-11-06 13:20:54', 156, 18, 2),
(3227, 87, 56, 5, '2025-11-06 13:20:54', 156, 18, 2),
(3228, 87, 57, 3, '2025-11-06 13:20:54', 156, 18, 2),
(3229, 87, 58, 4, '2025-11-06 13:20:54', 156, 18, 2),
(3230, 87, 59, 4, '2025-11-06 13:20:54', 156, 18, 2),
(3231, 87, 60, 5, '2025-11-06 13:20:54', 156, 18, 2),
(3232, 87, 61, 4, '2025-11-06 13:20:54', 156, 18, 2),
(3233, 87, 36, 4, '2025-11-06 13:20:54', 156, 18, 2),
(3234, 87, 37, 4, '2025-11-06 13:20:54', 156, 18, 2),
(3235, 87, 38, 2, '2025-11-06 13:20:54', 156, 18, 2),
(3236, 87, 39, 5, '2025-11-06 13:20:54', 156, 18, 2),
(3237, 87, 40, 4, '2025-11-06 13:20:54', 156, 18, 2),
(3238, 93, 50, 3, '2025-11-06 14:03:04', 157, 18, 2),
(3239, 93, 51, 4, '2025-11-06 14:03:04', 157, 18, 2),
(3240, 93, 52, 5, '2025-11-06 14:03:04', 157, 18, 2),
(3241, 93, 53, 5, '2025-11-06 14:03:04', 157, 18, 2),
(3242, 93, 54, 5, '2025-11-06 14:03:04', 157, 18, 2),
(3243, 93, 41, 3, '2025-11-06 14:03:04', 157, 18, 2),
(3244, 93, 42, 4, '2025-11-06 14:03:04', 157, 18, 2),
(3245, 93, 43, 5, '2025-11-06 14:03:04', 157, 18, 2),
(3246, 93, 44, 4, '2025-11-06 14:03:04', 157, 18, 2),
(3247, 93, 45, 2, '2025-11-06 14:03:04', 157, 18, 2),
(3248, 93, 46, 4, '2025-11-06 14:03:04', 157, 18, 2),
(3249, 93, 47, 5, '2025-11-06 14:03:04', 157, 18, 2),
(3250, 93, 48, 5, '2025-11-06 14:03:04', 157, 18, 2),
(3251, 93, 49, 4, '2025-11-06 14:03:04', 157, 18, 2),
(3252, 93, 55, 4, '2025-11-06 14:03:04', 157, 18, 2),
(3253, 93, 56, 5, '2025-11-06 14:03:05', 157, 18, 2),
(3254, 93, 57, 5, '2025-11-06 14:03:05', 157, 18, 2),
(3255, 93, 58, 4, '2025-11-06 14:03:05', 157, 18, 2),
(3256, 93, 59, 4, '2025-11-06 14:03:05', 157, 18, 2),
(3257, 93, 60, 5, '2025-11-06 14:03:05', 157, 18, 2),
(3258, 93, 61, 5, '2025-11-06 14:03:05', 157, 18, 2),
(3259, 93, 36, 3, '2025-11-06 14:03:05', 157, 18, 2),
(3260, 93, 37, 3, '2025-11-06 14:03:05', 157, 18, 2),
(3261, 93, 38, 4, '2025-11-06 14:03:05', 157, 18, 2),
(3262, 93, 39, 3, '2025-11-06 14:03:05', 157, 18, 2),
(3263, 93, 40, 2, '2025-11-06 14:03:05', 157, 18, 2),
(3264, 92, 50, 3, '2025-11-06 16:39:49', 158, 18, 2),
(3265, 92, 51, 4, '2025-11-06 16:39:49', 158, 18, 2),
(3266, 92, 52, 5, '2025-11-06 16:39:49', 158, 18, 2),
(3267, 92, 53, 4, '2025-11-06 16:39:49', 158, 18, 2),
(3268, 92, 54, 5, '2025-11-06 16:39:49', 158, 18, 2),
(3269, 92, 41, 5, '2025-11-06 16:39:49', 158, 18, 2),
(3270, 92, 42, 4, '2025-11-06 16:39:49', 158, 18, 2),
(3271, 92, 43, 3, '2025-11-06 16:39:49', 158, 18, 2),
(3272, 92, 44, 4, '2025-11-06 16:39:49', 158, 18, 2),
(3273, 92, 45, 5, '2025-11-06 16:39:49', 158, 18, 2),
(3274, 92, 46, 4, '2025-11-06 16:39:49', 158, 18, 2),
(3275, 92, 47, 4, '2025-11-06 16:39:49', 158, 18, 2),
(3276, 92, 48, 5, '2025-11-06 16:39:49', 158, 18, 2),
(3277, 92, 49, 5, '2025-11-06 16:39:49', 158, 18, 2),
(3278, 92, 55, 5, '2025-11-06 16:39:49', 158, 18, 2),
(3279, 92, 56, 4, '2025-11-06 16:39:49', 158, 18, 2),
(3280, 92, 57, 3, '2025-11-06 16:39:49', 158, 18, 2),
(3281, 92, 58, 4, '2025-11-06 16:39:49', 158, 18, 2),
(3282, 92, 59, 5, '2025-11-06 16:39:49', 158, 18, 2),
(3283, 92, 60, 4, '2025-11-06 16:39:49', 158, 18, 2),
(3284, 92, 61, 5, '2025-11-06 16:39:49', 158, 18, 2),
(3285, 92, 36, 5, '2025-11-06 16:39:49', 158, 18, 2),
(3286, 92, 37, 4, '2025-11-06 16:39:49', 158, 18, 2),
(3287, 92, 38, 3, '2025-11-06 16:39:49', 158, 18, 2),
(3288, 92, 39, 4, '2025-11-06 16:39:49', 158, 18, 2),
(3289, 92, 40, 5, '2025-11-06 16:39:49', 158, 18, 2),
(3290, 91, 50, 5, '2025-11-06 16:40:56', 159, 18, 2),
(3291, 91, 51, 4, '2025-11-06 16:40:56', 159, 18, 2),
(3292, 91, 52, 5, '2025-11-06 16:40:56', 159, 18, 2),
(3293, 91, 53, 4, '2025-11-06 16:40:56', 159, 18, 2),
(3294, 91, 54, 5, '2025-11-06 16:40:56', 159, 18, 2),
(3295, 91, 41, 4, '2025-11-06 16:40:56', 159, 18, 2),
(3296, 91, 42, 5, '2025-11-06 16:40:56', 159, 18, 2),
(3297, 91, 43, 4, '2025-11-06 16:40:56', 159, 18, 2),
(3298, 91, 44, 4, '2025-11-06 16:40:56', 159, 18, 2),
(3299, 91, 45, 5, '2025-11-06 16:40:56', 159, 18, 2),
(3300, 91, 46, 2, '2025-11-06 16:40:56', 159, 18, 2),
(3301, 91, 47, 4, '2025-11-06 16:40:56', 159, 18, 2),
(3302, 91, 48, 4, '2025-11-06 16:40:56', 159, 18, 2),
(3303, 91, 49, 4, '2025-11-06 16:40:56', 159, 18, 2),
(3304, 91, 55, 4, '2025-11-06 16:40:56', 159, 18, 2),
(3305, 91, 56, 4, '2025-11-06 16:40:56', 159, 18, 2),
(3306, 91, 57, 5, '2025-11-06 16:40:56', 159, 18, 2),
(3307, 91, 58, 4, '2025-11-06 16:40:56', 159, 18, 2),
(3308, 91, 59, 5, '2025-11-06 16:40:56', 159, 18, 2),
(3309, 91, 60, 4, '2025-11-06 16:40:56', 159, 18, 2),
(3310, 91, 61, 4, '2025-11-06 16:40:56', 159, 18, 2),
(3311, 91, 36, 5, '2025-11-06 16:40:56', 159, 18, 2),
(3312, 91, 37, 4, '2025-11-06 16:40:56', 159, 18, 2),
(3313, 91, 38, 3, '2025-11-06 16:40:56', 159, 18, 2),
(3314, 91, 39, 4, '2025-11-06 16:40:56', 159, 18, 2),
(3315, 91, 40, 5, '2025-11-06 16:40:56', 159, 18, 2),
(3602, 94, 50, 5, '2025-11-15 00:36:56', 172, 25, 2),
(3603, 94, 51, 4, '2025-11-15 00:36:56', 172, 25, 2),
(3604, 94, 52, 2, '2025-11-15 00:36:56', 172, 25, 2),
(3605, 94, 53, 1, '2025-11-15 00:36:56', 172, 25, 2),
(3606, 94, 54, 2, '2025-11-15 00:36:56', 172, 25, 2),
(3607, 94, 41, 1, '2025-11-15 00:36:56', 172, 25, 2),
(3608, 94, 42, 2, '2025-11-15 00:36:56', 172, 25, 2),
(3609, 94, 43, 2, '2025-11-15 00:36:56', 172, 25, 2),
(3610, 94, 44, 4, '2025-11-15 00:36:56', 172, 25, 2),
(3611, 94, 45, 5, '2025-11-15 00:36:56', 172, 25, 2),
(3612, 94, 46, 2, '2025-11-15 00:36:56', 172, 25, 2),
(3613, 94, 47, 3, '2025-11-15 00:36:56', 172, 25, 2),
(3614, 94, 48, 4, '2025-11-15 00:36:56', 172, 25, 2),
(3615, 94, 49, 2, '2025-11-15 00:36:56', 172, 25, 2),
(3616, 94, 55, 3, '2025-11-15 00:36:56', 172, 25, 2),
(3617, 94, 56, 2, '2025-11-15 00:36:56', 172, 25, 2),
(3618, 94, 57, 3, '2025-11-15 00:36:56', 172, 25, 2),
(3619, 94, 58, 4, '2025-11-15 00:36:56', 172, 25, 2),
(3620, 94, 59, 4, '2025-11-15 00:36:56', 172, 25, 2),
(3621, 94, 60, 4, '2025-11-15 00:36:56', 172, 25, 2),
(3622, 94, 61, 3, '2025-11-15 00:36:56', 172, 25, 2),
(3623, 94, 36, 4, '2025-11-15 00:36:56', 172, 25, 2),
(3624, 94, 37, 5, '2025-11-15 00:36:56', 172, 25, 2),
(3625, 94, 38, 5, '2025-11-15 00:36:56', 172, 25, 2),
(3626, 94, 39, 4, '2025-11-15 00:36:56', 172, 25, 2),
(3627, 94, 40, 2, '2025-11-15 00:36:56', 172, 25, 2),
(3628, 100, 50, 5, '2025-11-15 00:37:55', 173, 25, 2),
(3629, 100, 51, 4, '2025-11-15 00:37:55', 173, 25, 2),
(3630, 100, 52, 5, '2025-11-15 00:37:55', 173, 25, 2),
(3631, 100, 53, 2, '2025-11-15 00:37:55', 173, 25, 2),
(3632, 100, 54, 2, '2025-11-15 00:37:55', 173, 25, 2),
(3633, 100, 41, 1, '2025-11-15 00:37:55', 173, 25, 2),
(3634, 100, 42, 2, '2025-11-15 00:37:55', 173, 25, 2),
(3635, 100, 43, 5, '2025-11-15 00:37:55', 173, 25, 2),
(3636, 100, 44, 3, '2025-11-15 00:37:55', 173, 25, 2),
(3637, 100, 45, 5, '2025-11-15 00:37:55', 173, 25, 2),
(3638, 100, 46, 3, '2025-11-15 00:37:55', 173, 25, 2),
(3639, 100, 47, 5, '2025-11-15 00:37:55', 173, 25, 2),
(3640, 100, 48, 2, '2025-11-15 00:37:55', 173, 25, 2),
(3641, 100, 49, 2, '2025-11-15 00:37:55', 173, 25, 2),
(3642, 100, 55, 5, '2025-11-15 00:37:55', 173, 25, 2),
(3643, 100, 56, 4, '2025-11-15 00:37:55', 173, 25, 2),
(3644, 100, 57, 3, '2025-11-15 00:37:55', 173, 25, 2),
(3645, 100, 58, 3, '2025-11-15 00:37:55', 173, 25, 2),
(3646, 100, 59, 4, '2025-11-15 00:37:55', 173, 25, 2),
(3647, 100, 60, 4, '2025-11-15 00:37:55', 173, 25, 2),
(3648, 100, 61, 4, '2025-11-15 00:37:55', 173, 25, 2),
(3649, 100, 36, 4, '2025-11-15 00:37:55', 173, 25, 2),
(3650, 100, 37, 2, '2025-11-15 00:37:55', 173, 25, 2),
(3651, 100, 38, 1, '2025-11-15 00:37:55', 173, 25, 2),
(3652, 100, 39, 5, '2025-11-15 00:37:55', 173, 25, 2),
(3653, 100, 40, 4, '2025-11-15 00:37:55', 173, 25, 2);

-- --------------------------------------------------------

--
-- Table structure for table `evaluationsubmissions`
--

CREATE TABLE `evaluationsubmissions` (
  `SubmissionID` int(11) NOT NULL,
  `LoadID` int(11) DEFAULT NULL,
  `StudentID` int(11) DEFAULT NULL,
  `SubmissionDate` datetime NOT NULL,
  `CycleID` int(11) NOT NULL,
  `AverageScore` decimal(5,2) DEFAULT NULL,
  `Strengths` text DEFAULT NULL,
  `Weaknesses` text DEFAULT NULL,
  `AdditionalMessage` text DEFAULT NULL,
  `IsReleased` tinyint(4) DEFAULT NULL
) ENGINE=InnoDB DEFAULT CHARSET=utf8mb4 COLLATE=utf8mb4_general_ci;

--
-- Dumping data for table `evaluationsubmissions`
--

INSERT INTO `evaluationsubmissions` (`SubmissionID`, `LoadID`, `StudentID`, `SubmissionDate`, `CycleID`, `AverageScore`, `Strengths`, `Weaknesses`, `AdditionalMessage`, `IsReleased`) VALUES
(145, 86, 65, '2025-11-05 12:33:31', 18, 85.37, 'na iexplain nya ng maayus ang mga bagay bagay', 'hindi nakakapasok sa tamang oras', 'keep up the good work', 2),
(146, 85, 65, '2025-11-05 12:37:25', 18, 88.81, 'magaling mag explain', 'hindi tumutupad sa usapan', 'sana gamitin mo ito para mag improve pa', 2),
(147, 88, 65, '2025-11-05 12:42:00', 18, 88.08, 'magaling makisa', 'nagagalit ng walang dahilan', 'thank you for teaching us', 2),
(148, 87, 65, '2025-11-06 03:49:48', 18, 85.54, 'Very organized and prepared for each class', 'Grading could be faster', 'Great learning experience', 2),
(149, 86, 11, '2025-11-06 04:09:54', 18, 81.60, 'Makes difficult concepts easy to understand', 'Grading could be faster', 'Grading could be faster', 2),
(150, 85, 11, '2025-11-06 04:11:25', 18, 83.81, 'Very organized and prepared for each class', 'Sometimes rushes through topics', 'Grading could be faster', 2),
(151, 87, 11, '2025-11-06 04:12:02', 18, 85.14, 'Makes difficult concepts easy to understand', 'Sometimes rushes through topics', 'Great learning experience', 2),
(152, 88, 11, '2025-11-06 20:57:55', 18, 85.08, 'Very organized and prepared for each class', 'Sometimes goes too fast through material', 'Appreciate the detailed feedback on assignments', 2),
(153, 86, 8, '2025-11-06 21:16:57', 18, 83.98, 'Makes difficult concepts easy to understand', 'More group activities would be helpful', 'Highly recommended instructor', 2),
(154, 88, 8, '2025-11-06 21:18:08', 18, 82.16, 'Clear grading rubric', 'Sometimes rushes through topics', 'Good foundation course', 2),
(155, 85, 8, '2025-11-06 21:19:28', 18, 91.48, 'Very approachable and helpful', 'Could provide more practice problems', 'Great learning experience', 2),
(156, 87, 8, '2025-11-06 21:20:53', 18, 74.89, 'Good course structure', 'More group activities would be helpful', 'Enjoyed the course content', 2),
(157, 93, 5, '2025-11-06 22:03:04', 18, 79.86, 'Creative teaching methods', 'Grading could be faster', 'Creative teaching methods', 2),
(158, 92, 5, '2025-11-07 00:39:48', 18, 85.10, 'Good course structure', 'None noted', 'Best instructor this semester!', 2),
(159, 91, 5, '2025-11-07 00:40:55', 18, 85.43, 'Very organized and prepared for each class', 'Sometimes goes too fast through material', 'Appreciate the detailed feedback on assignments', 2),
(172, 94, 5, '2025-11-15 08:36:56', 25, 64.32, 'eqeQWDqwdW', 'weQWEqweQWEQE', 'QEqweQWEqweW', 2),
(173, 100, 5, '2025-11-15 08:37:54', 25, 68.84, 'QweQWDEwdADedD', 'wdWEDWERGETYJUJ', 'RGWGWRTGRWTHTEYJT', 2);

-- --------------------------------------------------------

--
-- Table structure for table `facultyload`
--

CREATE TABLE `facultyload` (
  `LoadID` int(11) NOT NULL,
  `FacultyID` int(11) NOT NULL,
  `DepartmentID` int(100) NOT NULL,
  `CourseID` int(11) NOT NULL,
  `SubjectID` int(11) NOT NULL,
  `ClassID` int(11) NOT NULL,
  `Term` varchar(50) DEFAULT NULL,
  `IsDeleted` tinyint(1) NOT NULL DEFAULT 0
) ENGINE=InnoDB DEFAULT CHARSET=utf8mb4 COLLATE=utf8mb4_general_ci;

--
-- Dumping data for table `facultyload`
--

INSERT INTO `facultyload` (`LoadID`, `FacultyID`, `DepartmentID`, `CourseID`, `SubjectID`, `ClassID`, `Term`, `IsDeleted`) VALUES
(85, 60, 1, 1, 1, 1, '1st Semester', 0),
(86, 60, 1, 1, 2, 1, '1st Semester', 0),
(87, 55, 1, 1, 17, 1, '1st Semester', 0),
(89, 60, 1, 1, 12, 1, '2nd Semester', 0),
(91, 57, 1, 2, 14, 4, '1st Semester', 0),
(92, 57, 1, 2, 4, 4, '1st Semester', 0),
(94, 57, 1, 2, 17, 4, '2nd Semester', 0),
(99, 57, 1, 1, 3, 1, '2nd Semester', 0),
(100, 57, 1, 2, 9, 4, '2nd Semester', 0),
(101, 55, 1, 2, 3, 4, '1st Semester', 0),
(102, 55, 1, 1, 10, 1, '2nd Semester', 0),
(103, 52, 1, 1, 18, 1, '2nd Semester', 0),
(104, 57, 1, 1, 18, 99, '1st Semester', 0),
(105, 57, 1, 1, 18, 1, '1st Semester', 0);

-- --------------------------------------------------------

--
-- Table structure for table `gradefiles`
--

CREATE TABLE `gradefiles` (
  `FileID` int(11) NOT NULL,
  `LoadID` int(11) NOT NULL,
  `CycleID` int(11) NOT NULL,
  `FileName` varchar(255) NOT NULL,
  `FilePath` varchar(500) NOT NULL,
  `FileSize` int(11) NOT NULL,
  `MimeType` varchar(100) NOT NULL,
  `SubmissionDate` datetime NOT NULL DEFAULT current_timestamp(),
  `Status` enum('Pending','Approved','Rejected') DEFAULT 'Pending',
  `Remarks` text DEFAULT NULL,
  `ReviewedBy` int(11) DEFAULT NULL,
  `ReviewedDate` datetime DEFAULT NULL
) ENGINE=InnoDB DEFAULT CHARSET=utf8mb4 COLLATE=utf8mb4_general_ci;

--
-- Dumping data for table `gradefiles`
--

INSERT INTO `gradefiles` (`FileID`, `LoadID`, `CycleID`, `FileName`, `FilePath`, `FileSize`, `MimeType`, `SubmissionDate`, `Status`, `Remarks`, `ReviewedBy`, `ReviewedDate`) VALUES
(8, 86, 18, 'Student_Import_Template (3).csv', 'C:\\Users\\alvin\\Desktop\\Eval\\Faculty_Evaluation_System\\Faculty_Evaluation_System\\Uploads\\GradeSheets\\5b5eb6af-5fb6-4665-b807-ce215191d030.csv', 304, 'text/csv', '2025-11-07 00:30:36', 'Pending', NULL, NULL, NULL),
(9, 92, 18, 'Student_Import_Template (1).csv', 'C:\\Users\\alvin\\Desktop\\Eval\\Faculty_Evaluation_System\\Faculty_Evaluation_System\\Uploads\\GradeSheets\\1b63e37f-ecee-49d4-a190-1c3a5d3bc001.csv', 414, 'text/csv', '2025-11-07 00:31:57', 'Pending', NULL, NULL, NULL),
(10, 93, 18, 'Student_Import_Template (3).csv', 'C:\\Users\\alvin\\Desktop\\Eval\\Faculty_Evaluation_System\\Faculty_Evaluation_System\\Uploads\\GradeSheets\\037759ed-f4cf-465c-aa50-8f4c27e01660.csv', 304, 'text/csv', '2025-11-07 00:32:07', 'Pending', NULL, NULL, NULL),
(11, 91, 18, 'Student_Import_Template (4).csv', 'C:\\Users\\alvin\\Desktop\\Eval\\Faculty_Evaluation_System\\Faculty_Evaluation_System\\Uploads\\GradeSheets\\e6909bb3-3b5d-47d0-b302-ab6c030a92a8.csv', 304, 'text/csv', '2025-11-07 00:32:19', 'Pending', NULL, NULL, NULL),
(12, 88, 18, 'Student_Import_Template (1).csv', 'C:\\Users\\alvin\\Desktop\\Eval\\Faculty_Evaluation_System\\Faculty_Evaluation_System\\Uploads\\GradeSheets\\2b98eb47-7f38-46cd-b604-a33c2f0ceb70.csv', 414, 'text/csv', '2025-11-07 00:34:59', 'Pending', NULL, NULL, NULL),
(13, 87, 18, 'Student_Import_Template (2).csv', 'C:\\Users\\alvin\\Desktop\\Eval\\Faculty_Evaluation_System\\Faculty_Evaluation_System\\Uploads\\GradeSheets\\3fb55634-ba15-4432-b4a9-8deab2ee5644.csv', 281, 'text/csv', '2025-11-07 00:35:10', 'Pending', NULL, NULL, NULL),
(22, 94, 25, 'Students_Export_20251105_053230.csv', 'C:\\Users\\alvin\\Desktop\\Eval\\Faculty_Evaluation_System\\Faculty_Evaluation_System\\Uploads\\GradeSheets\\2fe97ffc-0718-4470-b163-2f95aba659f1.csv', 1797, 'text/csv', '2025-11-15 08:39:16', 'Pending', NULL, NULL, NULL),
(23, 100, 25, 'FacultyLoad_Export_20251105_053556.csv', 'C:\\Users\\alvin\\Desktop\\Eval\\Faculty_Evaluation_System\\Faculty_Evaluation_System\\Uploads\\GradeSheets\\53a07fc2-3e18-42d8-a5c8-4c013d96d20b.csv', 974, 'text/csv', '2025-11-15 08:39:23', 'Pending', NULL, NULL, NULL);

-- --------------------------------------------------------

--
-- Table structure for table `gradesubmissions`
--

CREATE TABLE `gradesubmissions` (
  `SubmissionID` int(11) NOT NULL,
  `LoadID` int(11) NOT NULL,
  `CycleID` int(11) NOT NULL,
  `SubmissionDate` datetime NOT NULL DEFAULT current_timestamp(),
  `Status` enum('Submitted','Confirmed','Rejected') NOT NULL DEFAULT 'Submitted',
  `SubmittedBy` int(11) DEFAULT NULL,
  `FileID` int(11) DEFAULT NULL,
  `Remarks` text DEFAULT NULL
) ENGINE=InnoDB DEFAULT CHARSET=utf8mb4 COLLATE=utf8mb4_general_ci;

--
-- Dumping data for table `gradesubmissions`
--

INSERT INTO `gradesubmissions` (`SubmissionID`, `LoadID`, `CycleID`, `SubmissionDate`, `Status`, `SubmittedBy`, `FileID`, `Remarks`) VALUES
(72, 85, 18, '2025-11-05 15:55:49', 'Confirmed', 0, NULL, NULL),
(74, 86, 18, '2025-11-07 00:30:36', 'Confirmed', 60, 8, NULL),
(75, 92, 18, '2025-11-07 00:31:58', 'Confirmed', 57, 9, NULL),
(76, 93, 18, '2025-11-07 00:32:07', 'Confirmed', 57, 10, NULL),
(77, 91, 18, '2025-11-07 00:32:19', 'Confirmed', 57, 11, NULL),
(78, 88, 18, '2025-11-07 00:35:00', 'Confirmed', 55, 12, NULL),
(79, 87, 18, '2025-11-07 00:35:10', 'Confirmed', 55, 13, NULL),
(91, 94, 25, '2025-11-15 08:39:16', 'Confirmed', 57, 22, NULL),
(92, 100, 25, '2025-11-15 08:39:23', 'Confirmed', 57, 23, NULL);

-- --------------------------------------------------------

--
-- Table structure for table `irregular_student_enrollments`
--

CREATE TABLE `irregular_student_enrollments` (
  `EnrollmentID` int(11) NOT NULL,
  `StudentID` int(11) NOT NULL,
  `LoadID` int(11) NOT NULL,
  `CycleID` int(11) NOT NULL,
  `EnrollmentDate` datetime DEFAULT current_timestamp(),
  `IsApproved` tinyint(1) DEFAULT 0 COMMENT '0=Pending, 1=Approved, 2=Rejected',
  `ApprovedBy` int(11) DEFAULT NULL,
  `ApprovalDate` datetime DEFAULT NULL,
  `Remarks` text DEFAULT NULL
) ENGINE=InnoDB DEFAULT CHARSET=utf8mb4 COLLATE=utf8mb4_general_ci;

--
-- Dumping data for table `irregular_student_enrollments`
--

INSERT INTO `irregular_student_enrollments` (`EnrollmentID`, `StudentID`, `LoadID`, `CycleID`, `EnrollmentDate`, `IsApproved`, `ApprovedBy`, `ApprovalDate`, `Remarks`) VALUES
(10, 11, 88, 18, '2025-11-06 03:44:39', 1, 47, '2025-11-06 15:39:22', ''),
(11, 11, 87, 18, '2025-11-06 03:44:39', 1, 47, '2025-11-06 15:39:22', ''),
(12, 11, 86, 18, '2025-11-06 03:44:39', 1, 47, '2025-11-06 15:39:22', ''),
(13, 11, 85, 18, '2025-11-06 03:44:39', 1, 47, '2025-11-06 15:39:22', ''),
(14, 8, 88, 18, '2025-11-06 15:59:21', 1, 47, '2025-11-06 21:13:03', NULL),
(15, 8, 87, 18, '2025-11-06 15:59:21', 1, 47, '2025-11-06 21:13:03', NULL),
(16, 8, 86, 18, '2025-11-06 15:59:21', 1, 47, '2025-11-06 21:13:03', NULL),
(17, 8, 85, 18, '2025-11-06 15:59:22', 1, 47, '2025-11-06 21:13:03', NULL),
(18, 8, 90, 25, '2025-11-07 01:07:56', 0, NULL, NULL, NULL),
(19, 8, 89, 25, '2025-11-07 01:07:56', 0, NULL, NULL, NULL),
(20, 11, 90, 25, '2025-11-07 01:08:19', 1, 47, '2025-11-07 01:14:01', NULL),
(21, 11, 89, 25, '2025-11-07 01:08:20', 1, 47, '2025-11-07 01:14:01', NULL),
(22, 68, 103, 25, '2025-11-07 10:39:36', 1, 47, '2025-11-07 10:39:57', NULL);

-- --------------------------------------------------------

--
-- Table structure for table `passwordresettokens`
--

CREATE TABLE `passwordresettokens` (
  `TokenID` int(11) NOT NULL,
  `SchoolID` varchar(50) NOT NULL,
  `Token` varchar(6) NOT NULL,
  `Expiration` datetime NOT NULL,
  `Used` tinyint(1) NOT NULL DEFAULT 0,
  `CreatedAt` timestamp NOT NULL DEFAULT current_timestamp()
) ENGINE=InnoDB DEFAULT CHARSET=utf8mb4 COLLATE=utf8mb4_general_ci;

-- --------------------------------------------------------

--
-- Table structure for table `students`
--

CREATE TABLE `students` (
  `StudentID` int(11) NOT NULL,
  `LastName` varchar(100) NOT NULL,
  `MiddleInitial` varchar(20) DEFAULT NULL,
  `FirstName` varchar(100) NOT NULL,
  `Suffix` varchar(15) DEFAULT NULL,
  `Email` varchar(100) NOT NULL,
  `SchoolID` varchar(50) NOT NULL,
  `Password` varchar(100) NOT NULL,
  `DepartmentID` int(11) NOT NULL,
  `CourseID` int(11) DEFAULT NULL,
  `Status` enum('Active','Inactive','Graduated') DEFAULT 'Active',
  `ClassID` int(11) DEFAULT NULL,
  `StudentType` enum('Regular','Irregular') DEFAULT 'Regular',
  `IsApprovedForEvaluation` tinyint(1) DEFAULT 1,
  `FirstLogin` tinyint(1) DEFAULT 1
) ENGINE=InnoDB DEFAULT CHARSET=utf8mb4 COLLATE=utf8mb4_general_ci;

--
-- Dumping data for table `students`
--

INSERT INTO `students` (`StudentID`, `LastName`, `MiddleInitial`, `FirstName`, `Suffix`, `Email`, `SchoolID`, `Password`, `DepartmentID`, `CourseID`, `Status`, `ClassID`, `StudentType`, `IsApprovedForEvaluation`, `FirstLogin`) VALUES
(5, 'Soliven', 'T', 'Randall Joerge', NULL, 'nicolenakashige@gmail.com', '2025000002', 'ef797c8118f02dfb649607dd5d3f8c7623048c9c063d532cc95c5ed7a898a64f', 1, 2, 'Active', 4, 'Regular', 1, 1),
(8, 'Sison', 'L', 'Kurt Marlvin', NULL, 'jolinabulalacao208@gmail.com', '2025000003', 'ef797c8118f02dfb649607dd5d3f8c7623048c9c063d532cc95c5ed7a898a64f', 1, 1, 'Active', 1, 'Irregular', 1, 1),
(11, 'Dela Cruz', 'T', 'Juan', NULL, 'b84052267@gmail.com', '2025000004', 'ef797c8118f02dfb649607dd5d3f8c7623048c9c063d532cc95c5ed7a898a64f', 1, 1, 'Active', 1, 'Irregular', 1, 1),
(65, 'PULA', 'D', 'CHRISJOHN', NULL, 'chrisjohnpula17@gmail.com', '2025000001', '23a406143de676fc4ace51d1f85098f77f66e50af9a0a7e2ce88be684fc8b647', 1, 1, 'Active', 1, 'Regular', 1, 1),
(67, 'Smith', 'K', 'Robert', NULL, 'johnpaulnavarro0105@gmail.com', '2025000005', 'ef797c8118f02dfb649607dd5d3f8c7623048c9c063d532cc95c5ed7a898a64f', 3, 4, 'Active', 7, 'Regular', 1, 1),
(68, 'Molina', 'I', 'Kairos', NULL, 'molinakairos@gmail.com', '2025000009', '9cb7c7dc0ee41f6f28f045dfc0b1baa8125895633d0899648b82cd307521583b', 1, 1, 'Active', 1, 'Irregular', 1, 1);

-- --------------------------------------------------------

--
-- Table structure for table `subjects`
--

CREATE TABLE `subjects` (
  `SubjectID` int(11) NOT NULL,
  `SubjectName` varchar(100) NOT NULL,
  `SubjectCode` varchar(20) NOT NULL,
  `IsActive` tinyint(1) NOT NULL DEFAULT 1
) ENGINE=InnoDB DEFAULT CHARSET=utf8mb4 COLLATE=utf8mb4_general_ci;

--
-- Dumping data for table `subjects`
--

INSERT INTO `subjects` (`SubjectID`, `SubjectName`, `SubjectCode`, `IsActive`) VALUES
(1, 'Introduction to Computing', 'CC101', 1),
(2, 'Fundamentals of Programing', 'CC102', 1),
(3, 'Understanding the Self', 'PSYCH1', 1),
(4, 'Data Structures and Algorithms', 'DSA101', 1),
(8, 'Intermediate Programming', 'CC103', 1),
(9, 'Ethics', 'PHILO1', 1),
(10, 'Purposive Communication', 'ENGL1', 1),
(11, 'Filipino sa iba\'t-ibang disiplina', 'Fil2', 1),
(12, 'Kontekstwalisadong Komunikasyon sa Filipino', 'Fil1', 1),
(14, 'Movement Enhancement', 'PE1', 1),
(17, 'Fitness Exercise', 'PE2', 1),
(18, 'Data Structure and Algorithms', 'CC104', 1);

-- --------------------------------------------------------

--
-- Table structure for table `users`
--

CREATE TABLE `users` (
  `UserID` int(11) NOT NULL,
  `LastName` varchar(100) NOT NULL,
  `FirstName` varchar(100) NOT NULL,
  `MiddleInitial` varchar(20) NOT NULL,
  `Suffix` varchar(15) DEFAULT NULL,
  `SchoolID` varchar(50) NOT NULL,
  `Password` varchar(255) NOT NULL,
  `Role` enum('Student','Faculty','Dean','Admin','Registrar') NOT NULL,
  `DepartmentID` int(100) DEFAULT NULL,
  `Status` enum('Active','Inactive') DEFAULT 'Active',
  `Email` varchar(100) DEFAULT NULL,
  `FirstLogin` tinyint(1) DEFAULT 1
) ENGINE=InnoDB DEFAULT CHARSET=utf8mb4 COLLATE=utf8mb4_general_ci;

--
-- Dumping data for table `users`
--

INSERT INTO `users` (`UserID`, `LastName`, `FirstName`, `MiddleInitial`, `Suffix`, `SchoolID`, `Password`, `Role`, `DepartmentID`, `Status`, `Email`, `FirstLogin`) VALUES
(47, 'Admin', 'System', '', NULL, '1230000001', 'ef797c8118f02dfb649607dd5d3f8c7623048c9c063d532cc95c5ed7a898a64f', 'Admin', NULL, 'Active', 'pularalphgabriel54@gmail.com', 0),
(49, 'Pula', 'Chrisjohn', 'D', NULL, '1230000002', 'ef797c8118f02dfb649607dd5d3f8c7623048c9c063d532cc95c5ed7a898a64f', 'Dean', 1, 'Active', 'hh1511694@gmail.com', 1),
(50, 'AccountG', 'Registrar', '', NULL, '1230000003', 'ef797c8118f02dfb649607dd5d3f8c7623048c9c063d532cc95c5ed7a898a64f', 'Registrar', NULL, 'Active', 'gabrielraplhpula@gmail.com', 1),
(52, 'Manuel', 'John Vianney', 'V', NULL, '1234000000', 'ef797c8118f02dfb649607dd5d3f8c7623048c9c063d532cc95c5ed7a898a64f', 'Faculty', 1, 'Active', 'johnmanuel0112@gmail.com', 1),
(55, 'Romasoc', 'Micah', 'R', NULL, '1230000005', 'ef797c8118f02dfb649607dd5d3f8c7623048c9c063d532cc95c5ed7a898a64f', 'Faculty', 1, 'Active', 'romasocmicah@gmail.com', 1),
(57, 'Dela Cruz', 'Juan', 'A', 'Jr', '1230000004', 'ef797c8118f02dfb649607dd5d3f8c7623048c9c063d532cc95c5ed7a898a64f', 'Faculty', 1, 'Active', 'boszralphgabriel@gmail.com', 1),
(60, 'Navarro', 'John', 'O', NULL, '1230000006', 'ef797c8118f02dfb649607dd5d3f8c7623048c9c063d532cc95c5ed7a898a64f', 'Faculty', 1, 'Active', 'johnpaulnavarro146@gmail.com', 1);

--
-- Indexes for dumped tables
--

--
-- Indexes for table `classes`
--
ALTER TABLE `classes`
  ADD PRIMARY KEY (`ClassID`),
  ADD KEY `classes_ibfk_1` (`CourseID`);

--
-- Indexes for table `courses`
--
ALTER TABLE `courses`
  ADD PRIMARY KEY (`CourseID`),
  ADD KEY `DeptID` (`DepartmentID`);

--
-- Indexes for table `departments`
--
ALTER TABLE `departments`
  ADD PRIMARY KEY (`DepartmentID`),
  ADD UNIQUE KEY `Name` (`DepartmentName`);

--
-- Indexes for table `evaluationcycles`
--
ALTER TABLE `evaluationcycles`
  ADD PRIMARY KEY (`CycleID`);

--
-- Indexes for table `evaluationdomains`
--
ALTER TABLE `evaluationdomains`
  ADD PRIMARY KEY (`DomainID`);

--
-- Indexes for table `evaluationquestions`
--
ALTER TABLE `evaluationquestions`
  ADD PRIMARY KEY (`QuestionID`),
  ADD KEY `fk_eval_domain` (`DomainID`);

--
-- Indexes for table `evaluations`
--
ALTER TABLE `evaluations`
  ADD PRIMARY KEY (`EvalID`),
  ADD KEY `fk_eval_load` (`LoadID`),
  ADD KEY `fk_eval_question` (`QuestionID`),
  ADD KEY `idx_evaluations_LoadID` (`LoadID`),
  ADD KEY `idx_evaluations_QuestionID` (`QuestionID`),
  ADD KEY `evaluations_ibfk_1` (`SubmissionID`),
  ADD KEY `FK_evaluations_Cycle` (`CycleID`);

--
-- Indexes for table `evaluationsubmissions`
--
ALTER TABLE `evaluationsubmissions`
  ADD PRIMARY KEY (`SubmissionID`),
  ADD UNIQUE KEY `uq_evalsubmission` (`LoadID`,`StudentID`,`CycleID`),
  ADD KEY `fk_sub_student` (`StudentID`),
  ADD KEY `idx_evaluationsubmissions_LoadID` (`LoadID`),
  ADD KEY `FK_EvalSubmissions_Cycle` (`CycleID`);

--
-- Indexes for table `facultyload`
--
ALTER TABLE `facultyload`
  ADD PRIMARY KEY (`LoadID`),
  ADD KEY `facultyload_ibfk_1` (`FacultyID`),
  ADD KEY `facultyload_ibfk_2` (`CourseID`),
  ADD KEY `facultyload_ibfk_3` (`SubjectID`),
  ADD KEY `facultyload_ibfk_4` (`ClassID`),
  ADD KEY `fk_facultyload_department` (`DepartmentID`),
  ADD KEY `idx_facultyload_FacultyID` (`FacultyID`),
  ADD KEY `idx_facultyload_DepartmentID` (`DepartmentID`),
  ADD KEY `idx_facultyload_CourseID` (`CourseID`),
  ADD KEY `idx_facultyload_SubjectID` (`SubjectID`);

--
-- Indexes for table `gradefiles`
--
ALTER TABLE `gradefiles`
  ADD PRIMARY KEY (`FileID`),
  ADD KEY `LoadID` (`LoadID`),
  ADD KEY `CycleID` (`CycleID`),
  ADD KEY `ReviewedBy` (`ReviewedBy`);

--
-- Indexes for table `gradesubmissions`
--
ALTER TABLE `gradesubmissions`
  ADD PRIMARY KEY (`SubmissionID`),
  ADD UNIQUE KEY `UQ_Gradesubmissions_Load_Cycle` (`LoadID`,`CycleID`),
  ADD KEY `FK_Gradesubmissions_FacultyLoad` (`LoadID`),
  ADD KEY `FK_Gradesubmissions_EvalCycle` (`CycleID`),
  ADD KEY `FileID` (`FileID`);

--
-- Indexes for table `irregular_student_enrollments`
--
ALTER TABLE `irregular_student_enrollments`
  ADD PRIMARY KEY (`EnrollmentID`),
  ADD KEY `StudentID` (`StudentID`),
  ADD KEY `LoadID` (`LoadID`),
  ADD KEY `CycleID` (`CycleID`),
  ADD KEY `ApprovedBy` (`ApprovedBy`);

--
-- Indexes for table `passwordresettokens`
--
ALTER TABLE `passwordresettokens`
  ADD PRIMARY KEY (`TokenID`),
  ADD KEY `SchoolID` (`SchoolID`);

--
-- Indexes for table `students`
--
ALTER TABLE `students`
  ADD PRIMARY KEY (`StudentID`),
  ADD UNIQUE KEY `SchoolID` (`SchoolID`),
  ADD KEY `FK_Students_Classes` (`ClassID`),
  ADD KEY `students_ibfk_2` (`CourseID`),
  ADD KEY `students_ibfk_1` (`DepartmentID`);

--
-- Indexes for table `subjects`
--
ALTER TABLE `subjects`
  ADD PRIMARY KEY (`SubjectID`);

--
-- Indexes for table `users`
--
ALTER TABLE `users`
  ADD PRIMARY KEY (`UserID`),
  ADD UNIQUE KEY `SchoolID` (`SchoolID`),
  ADD KEY `fk_users_department` (`DepartmentID`);

--
-- AUTO_INCREMENT for dumped tables
--

--
-- AUTO_INCREMENT for table `classes`
--
ALTER TABLE `classes`
  MODIFY `ClassID` int(11) NOT NULL AUTO_INCREMENT, AUTO_INCREMENT=100;

--
-- AUTO_INCREMENT for table `courses`
--
ALTER TABLE `courses`
  MODIFY `CourseID` int(11) NOT NULL AUTO_INCREMENT, AUTO_INCREMENT=38;

--
-- AUTO_INCREMENT for table `departments`
--
ALTER TABLE `departments`
  MODIFY `DepartmentID` int(11) NOT NULL AUTO_INCREMENT, AUTO_INCREMENT=15;

--
-- AUTO_INCREMENT for table `evaluationcycles`
--
ALTER TABLE `evaluationcycles`
  MODIFY `CycleID` int(11) NOT NULL AUTO_INCREMENT, AUTO_INCREMENT=26;

--
-- AUTO_INCREMENT for table `evaluationdomains`
--
ALTER TABLE `evaluationdomains`
  MODIFY `DomainID` int(11) NOT NULL AUTO_INCREMENT, AUTO_INCREMENT=21;

--
-- AUTO_INCREMENT for table `evaluationquestions`
--
ALTER TABLE `evaluationquestions`
  MODIFY `QuestionID` int(11) NOT NULL AUTO_INCREMENT, AUTO_INCREMENT=62;

--
-- AUTO_INCREMENT for table `evaluations`
--
ALTER TABLE `evaluations`
  MODIFY `EvalID` int(11) NOT NULL AUTO_INCREMENT, AUTO_INCREMENT=3654;

--
-- AUTO_INCREMENT for table `evaluationsubmissions`
--
ALTER TABLE `evaluationsubmissions`
  MODIFY `SubmissionID` int(11) NOT NULL AUTO_INCREMENT, AUTO_INCREMENT=174;

--
-- AUTO_INCREMENT for table `facultyload`
--
ALTER TABLE `facultyload`
  MODIFY `LoadID` int(11) NOT NULL AUTO_INCREMENT, AUTO_INCREMENT=106;

--
-- AUTO_INCREMENT for table `gradefiles`
--
ALTER TABLE `gradefiles`
  MODIFY `FileID` int(11) NOT NULL AUTO_INCREMENT, AUTO_INCREMENT=24;

--
-- AUTO_INCREMENT for table `gradesubmissions`
--
ALTER TABLE `gradesubmissions`
  MODIFY `SubmissionID` int(11) NOT NULL AUTO_INCREMENT, AUTO_INCREMENT=93;

--
-- AUTO_INCREMENT for table `irregular_student_enrollments`
--
ALTER TABLE `irregular_student_enrollments`
  MODIFY `EnrollmentID` int(11) NOT NULL AUTO_INCREMENT, AUTO_INCREMENT=23;

--
-- AUTO_INCREMENT for table `passwordresettokens`
--
ALTER TABLE `passwordresettokens`
  MODIFY `TokenID` int(11) NOT NULL AUTO_INCREMENT, AUTO_INCREMENT=10;

--
-- AUTO_INCREMENT for table `students`
--
ALTER TABLE `students`
  MODIFY `StudentID` int(11) NOT NULL AUTO_INCREMENT, AUTO_INCREMENT=69;

--
-- AUTO_INCREMENT for table `subjects`
--
ALTER TABLE `subjects`
  MODIFY `SubjectID` int(11) NOT NULL AUTO_INCREMENT, AUTO_INCREMENT=20;

--
-- AUTO_INCREMENT for table `users`
--
ALTER TABLE `users`
  MODIFY `UserID` int(11) NOT NULL AUTO_INCREMENT, AUTO_INCREMENT=61;

--
-- Constraints for dumped tables
--

--
-- Constraints for table `classes`
--
ALTER TABLE `classes`
  ADD CONSTRAINT `classes_ibfk_1` FOREIGN KEY (`CourseID`) REFERENCES `courses` (`CourseID`) ON DELETE CASCADE;

--
-- Constraints for table `courses`
--
ALTER TABLE `courses`
  ADD CONSTRAINT `DeptID` FOREIGN KEY (`DepartmentID`) REFERENCES `departments` (`DepartmentID`) ON DELETE CASCADE ON UPDATE CASCADE;

--
-- Constraints for table `evaluationquestions`
--
ALTER TABLE `evaluationquestions`
  ADD CONSTRAINT `fk_eval_domain` FOREIGN KEY (`DomainID`) REFERENCES `evaluationdomains` (`DomainID`) ON DELETE SET NULL ON UPDATE CASCADE;

--
-- Constraints for table `evaluations`
--
ALTER TABLE `evaluations`
  ADD CONSTRAINT `FK_evaluations_Cycle` FOREIGN KEY (`CycleID`) REFERENCES `evaluationcycles` (`CycleID`),
  ADD CONSTRAINT `evaluations_ibfk_1` FOREIGN KEY (`SubmissionID`) REFERENCES `evaluationsubmissions` (`SubmissionID`) ON DELETE CASCADE ON UPDATE CASCADE,
  ADD CONSTRAINT `evaluations_ibfk_2` FOREIGN KEY (`QuestionID`) REFERENCES `evaluationquestions` (`QuestionID`) ON DELETE SET NULL ON UPDATE SET NULL,
  ADD CONSTRAINT `fk_eval_load` FOREIGN KEY (`LoadID`) REFERENCES `facultyload` (`LoadID`) ON DELETE SET NULL ON UPDATE CASCADE;

--
-- Constraints for table `evaluationsubmissions`
--
ALTER TABLE `evaluationsubmissions`
  ADD CONSTRAINT `FK_EvalSubmissions_Cycle` FOREIGN KEY (`CycleID`) REFERENCES `evaluationcycles` (`CycleID`),
  ADD CONSTRAINT `fk_evalsub_student` FOREIGN KEY (`StudentID`) REFERENCES `students` (`StudentID`) ON DELETE SET NULL ON UPDATE CASCADE,
  ADD CONSTRAINT `fk_sub_load` FOREIGN KEY (`LoadID`) REFERENCES `facultyload` (`LoadID`) ON DELETE SET NULL ON UPDATE CASCADE;

--
-- Constraints for table `facultyload`
--
ALTER TABLE `facultyload`
  ADD CONSTRAINT `facultyload_ibfk_2` FOREIGN KEY (`CourseID`) REFERENCES `courses` (`CourseID`) ON DELETE CASCADE ON UPDATE CASCADE,
  ADD CONSTRAINT `facultyload_ibfk_3` FOREIGN KEY (`SubjectID`) REFERENCES `subjects` (`SubjectID`) ON DELETE CASCADE ON UPDATE CASCADE,
  ADD CONSTRAINT `facultyload_ibfk_4` FOREIGN KEY (`ClassID`) REFERENCES `classes` (`ClassID`) ON DELETE CASCADE ON UPDATE CASCADE,
  ADD CONSTRAINT `fk_facultyload_department` FOREIGN KEY (`DepartmentID`) REFERENCES `departments` (`DepartmentID`) ON DELETE CASCADE ON UPDATE CASCADE;

--
-- Constraints for table `gradefiles`
--
ALTER TABLE `gradefiles`
  ADD CONSTRAINT `gradefiles_ibfk_1` FOREIGN KEY (`LoadID`) REFERENCES `facultyload` (`LoadID`),
  ADD CONSTRAINT `gradefiles_ibfk_2` FOREIGN KEY (`CycleID`) REFERENCES `evaluationcycles` (`CycleID`),
  ADD CONSTRAINT `gradefiles_ibfk_3` FOREIGN KEY (`ReviewedBy`) REFERENCES `users` (`UserID`);

--
-- Constraints for table `gradesubmissions`
--
ALTER TABLE `gradesubmissions`
  ADD CONSTRAINT `FK_Gradesubmissions_EvalCycle` FOREIGN KEY (`CycleID`) REFERENCES `evaluationcycles` (`CycleID`) ON DELETE CASCADE ON UPDATE CASCADE,
  ADD CONSTRAINT `FK_Gradesubmissions_FacultyLoad` FOREIGN KEY (`LoadID`) REFERENCES `facultyload` (`LoadID`) ON DELETE CASCADE ON UPDATE CASCADE,
  ADD CONSTRAINT `gradesubmissions_ibfk_1` FOREIGN KEY (`FileID`) REFERENCES `gradefiles` (`FileID`);

--
-- Constraints for table `irregular_student_enrollments`
--
ALTER TABLE `irregular_student_enrollments`
  ADD CONSTRAINT `irregular_student_enrollments_ibfk_1` FOREIGN KEY (`StudentID`) REFERENCES `students` (`StudentID`),
  ADD CONSTRAINT `irregular_student_enrollments_ibfk_2` FOREIGN KEY (`LoadID`) REFERENCES `facultyload` (`LoadID`),
  ADD CONSTRAINT `irregular_student_enrollments_ibfk_3` FOREIGN KEY (`CycleID`) REFERENCES `evaluationcycles` (`CycleID`),
  ADD CONSTRAINT `irregular_student_enrollments_ibfk_4` FOREIGN KEY (`ApprovedBy`) REFERENCES `users` (`UserID`);

--
-- Constraints for table `students`
--
ALTER TABLE `students`
  ADD CONSTRAINT `students_ibfk_1` FOREIGN KEY (`DepartmentID`) REFERENCES `departments` (`DepartmentID`) ON DELETE CASCADE,
  ADD CONSTRAINT `students_ibfk_2` FOREIGN KEY (`CourseID`) REFERENCES `courses` (`CourseID`) ON DELETE CASCADE,
  ADD CONSTRAINT `students_ibfk_3` FOREIGN KEY (`ClassID`) REFERENCES `classes` (`ClassID`) ON DELETE CASCADE ON UPDATE CASCADE;

--
-- Constraints for table `users`
--
ALTER TABLE `users`
  ADD CONSTRAINT `fk_users_department` FOREIGN KEY (`DepartmentID`) REFERENCES `departments` (`DepartmentID`) ON DELETE CASCADE ON UPDATE CASCADE;
COMMIT;

/*!40101 SET CHARACTER_SET_CLIENT=@OLD_CHARACTER_SET_CLIENT */;
/*!40101 SET CHARACTER_SET_RESULTS=@OLD_CHARACTER_SET_RESULTS */;
/*!40101 SET COLLATION_CONNECTION=@OLD_COLLATION_CONNECTION */;
